0.0026238319	-0.0022263515	-0.0040201815	0.00040820934	0.0017338526	-8.317891e-05	-0.0022308594	0.0048589283	0.00068517355	-0.0010950101	-0.0022877522	0.0006540972	0.0027884564	-0.0035776666	0.0035776587	-0.0029904293	-0.004630902	0.0043231985	-0.00070276135	-0.002635999	-0.0011237176	0.0028608907	-0.003981858	-0.0022317595	0.0026481575	-0.0024472147	0.003174116	0.0030029835	0.003519029	0.0045850403	-0.0030957442	-0.00016963472	0.003049432	-0.0031845898	0.0037216726	-0.0022414683	-0.0044799517	-0.0024135464	0.0011790204	0.00325594	0.0037168958	0.0014780925	-0.0004147437	-0.0045109624	0.0014567042	0.00011389973	-0.0027029524	0.00037207728	-0.0028572031	-0.0011553126	-0.0010704274	0.003932403	6.337625e-05	-0.0027054516	-0.0016784734	-0.0048240703	-0.0031590597	-0.0025676556	-0.0008254609	7.3568303e-06	-0.0024715303	0.0034224903	2.098512e-05	-0.004986541	-0.0041857488	0.004787181	0.00030876318	0.004609539	0.001679008	-0.00492115	0.00071162055	-0.002558989	0.0020152782	-0.0043468503	-0.0021860292	-0.0023678215	0.002511565	-0.0036105297	-0.0016220855	-0.0022117305	0.00091515563	0.004244429	-0.003194715	0.0024506093	-0.0022820195	-0.0030171177	0.0006669052	-0.0014092488	0.0028220436	0.0013327139	0.001346573	0.0014288913	-0.0013351542	0.0008058666	-0.0010706853	0.0033566437	-0.001628021	-0.0010223151	-0.00042307825	0.0044513578
-0.0007881452	-0.003385816	0.001176379	0.0023925542	0.0006032033	0.002526229	0.003918108	-0.0035438535	-0.0015779121	-0.0024838594	0.0019363207	-0.0046752966	0.0032100508	0.0043755425	-0.0015192654	-0.0014990275	-0.0043141767	-0.0009014948	-0.0022510053	-0.004656106	-0.004426863	0.001148355	-0.0015073544	-0.001711611	0.003776846	0.004464255	-0.0034790481	0.001880051	-0.0037606335	-0.0046492694	0.0005668005	0.0046494137	-0.003179246	0.0035987606	0.0004777591	0.0012043713	0.001533938	-0.0024193889	-3.2203254e-06	-0.003164734	0.004002204	-0.0018053582	0.003492322	0.0011915336	0.0010315112	0.0010443572	0.0031409482	0.0048157526	-0.0023921614	-0.0009465533	-4.215404e-05	-0.0013317503	0.00029699667	-0.002257695	0.002188834	0.0008717833	-0.0012678675	0.0019215185	-0.001462731	0.00042154576	0.0023594445	-0.003336025	0.0014362623	0.004692914	0.0028139083	-0.0030562545	-0.0022610016	-0.0041358666	0.0044631115	0.0013217923	0.0026514775	-0.00341832	-0.00085518067	0.0027863157	-0.0048364406	-0.0030350501	-0.0018196818	0.0042929132	0.002949312	-0.002172983	0.002509356	-0.002693376	-0.002681938	-0.004936541	0.00075089745	0.00060030277	-0.0016921865	-0.00048533443	0.0034915453	-0.0035213158	0.0024802983	-0.0010473457	-0.0010709616	-0.0020618972	-0.002707871	-0.003911256	0.0007274383	0.0032444785	0.002343616	0.0038956527
-0.00041625267	-0.0039481367	-0.0010905266	0.0010179394	-0.0025824637	-0.0018998235	-0.0039834916	0.00058355497	0.001310203	-0.0007796442	-0.00016309459	0.00068418786	-0.0023221641	0.0028743213	0.004547088	-0.0016697542	-0.0031341498	0.0021698354	0.002639698	0.0015520207	0.00080880383	-0.0003002979	-0.002612834	-0.0024892213	-0.0026839871	0.0011170554	0.004532231	-0.0025253978	-0.0027311603	0.003043021	0.0031227025	-0.0019948473	-0.0038899179	-0.0035552601	-0.0042784275	-0.0044968775	0.00055059383	-0.004834973	0.004433357	0.0015122547	-0.0026075076	-0.00035929834	0.00019431699	0.0035870885	-0.0016730869	-0.0049107326	-0.0035033152	0.0017168842	-0.0005723979	0.00053066184	0.00058345275	0.0023109652	0.004367849	-0.0002718177	-0.0045088474	0.0004110586	0.0024303924	0.003442123	-0.0035223619	0.0025147195	-0.0030899951	-0.00019744431	0.0037005944	-0.0033538353	0.0047394847	-0.003601057	2.481374e-06	0.0015527535	0.004149395	0.004938487	0.00265423	0.0032099723	-0.0006635691	-0.001104783	-0.0014172734	-0.001917242	-0.0020064658	0.0009851868	-0.0011743068	-0.0015973927	-0.0007365235	-0.0034592818	-0.0018754016	0.000960905	0.00093707576	-0.0021686552	-0.0027371226	-0.00043478498	0.004334551	-0.0024736167	0.00339239	0.00048852386	0.004904151	-0.004989954	-0.0019928243	-3.9927287e-05	-0.0018253735	-0.0015822519	-0.00087322685	-0.0011313303
0.0028625499	0.00030806736	-0.0026901728	-0.0016937273	-0.004443417	0.00285426	0.0047289375	-0.003974104	-0.000265297	0.0031371505	0.0039478396	0.0036133018	0.0011626838	-0.0028464415	0.0049405154	0.003498553	-0.0047446596	0.001839354	0.0012920775	0.0039054635	-0.0045302254	0.0024830583	-0.004802186	0.0010147074	-0.003693819	-0.004631242	-0.0020731841	0.0026732434	0.0008218704	0.003840923	-0.0041084993	0.0004779604	0.0038509222	0.00034110606	-0.00068960316	-0.002709233	0.0025332405	-0.0012260007	-9.616659e-06	-0.0006494684	0.0021808243	-0.0020151262	0.00092269975	-0.0032820676	0.0016276021	-0.0020644818	0.001883463	-0.004205681	0.0047879135	0.0046135345	-0.004501729	0.00017033183	0.0021651534	0.0037753854	-0.0017026543	0.0012941447	-0.0046872008	0.00011867742	0.0030904652	0.00092364324	0.0033060538	0.0009914775	-5.9599988e-05	-0.0018314603	0.0039757504	-0.0049466984	0.0022058976	0.0028704596	-0.0045433226	-0.0023074138	0.004137069	0.0038943675	0.00052034226	-0.0021186064	0.00201311	-0.0014999668	-0.0033226586	0.004911046	0.004800916	0.0021435649	-0.0014819993	-0.0045633917	-0.00039680986	-0.0021023494	0.0009579508	0.0030706527	-0.0024111306	0.0037302463	-0.0046799732	-0.004801157	0.0043327105	0.0025542737	0.00023884777	-0.0028362721	0.004083968	-0.0026126893	-0.00064204156	-0.0023459368	-0.0037288114	0.0027365466
0.0022674357	-0.0044030445	0.003676939	-0.0027334497	-0.000983273	0.0041105845	-0.00016030447	0.002690395	-0.0033306135	-0.004761166	0.0044330466	0.0038391037	-0.0035597777	0.0037026177	0.0025238341	0.0038104432	-0.001927541	0.0024137024	-0.001977226	-0.0026207706	-0.0045626354	-0.002201733	0.003037191	-0.00045761807	0.004400826	-0.0040722666	0.0015029134	0.0021910437	-0.0012643905	0.00021220687	0.0040891785	0.00094526296	-0.0032947233	0.00079317123	0.0010917851	-0.0007671038	0.00071905565	0.0037388562	-0.0034695098	0.0031880036	-0.0023238324	-0.004644978	0.0020036295	-0.0033263243	0.00286382	-0.0033225769	-0.00054171425	0.0044768294	0.0032344093	-0.0035104305	0.004330598	0.0019522138	0.004699509	0.002187929	0.00044406892	-0.004870146	-0.0013399341	-0.00095600594	0.00040090774	0.0034761068	-0.002386375	-0.0019574503	-0.0018625567	0.0037811939	0.0032758755	-0.0018371734	-0.003940889	-0.004944661	-0.00093479105	-0.0018664227	-0.0044833906	0.0027672318	0.0035602164	-0.0040798243	-0.004068967	-0.0012513266	0.004279949	0.003511296	0.0035130286	0.0028771395	0.00048538152	-0.00032970318	-4.745506e-05	-0.004561169	-0.004949436	0.0029400685	-0.004622125	0.004413321	0.0022076254	-0.00038614587	-0.0006720481	0.0016590832	0.0041390616	0.00029296015	0.0042185117	-0.0042045624	2.4844754e-05	0.0013157146	0.002635146	0.0021307317
-0.0023824156	-0.0005095952	0.001899514	-0.0028887198	-0.0026827282	0.004227255	0.00036844	-0.001428275	-0.002425452	-0.00415447	-0.00085066527	-0.0044745305	0.0009885456	-0.0006001127	0.004294861	-0.00094605965	-0.0038277374	-0.0045697866	-0.003535004	-0.00043499982	0.0028771434	0.0023881216	0.0005045393	0.0017138862	0.0021542888	0.004431808	0.0043265726	0.001144647	-0.0049947836	-0.00390355	0.0009855636	0.0037360166	0.004032162	0.001864397	-0.002092404	0.001064488	-0.0018656524	0.0045708027	0.0026866337	0.0017359982	-0.0043673012	0.0011759471	-0.0033278468	-0.0013506166	0.0029396904	0.0020336153	-0.0047844076	0.0026984217	-0.00080332306	-0.003969336	-0.0013205655	-0.0040225596	-0.0027537548	0.0018851105	-0.001746553	-0.00040602396	-0.0034917668	0.0027506344	0.0029330058	-0.0048264214	0.0030860736	0.004788976	-0.0032814143	0.003319982	-0.00055419	-0.0010134013	0.0005804702	-0.0031400542	0.0009233836	-0.00469033	-0.0026054473	-0.0039122603	-0.0027364523	-0.0047586598	0.002495816	-0.0009561348	0.0013541398	0.00093222666	0.00055849977	0.0034000222	-0.0036565135	0.0021788694	0.0005856325	0.0029168045	-0.004427073	0.0023881553	-0.0028327594	0.0010157265	0.0035283072	0.0038938862	-0.0027614408	0.0023219467	-0.00084147224	-0.0014245721	-0.001016444	0.004213928	-0.00052985805	0.0032511873	0.0009355703	0.004395808
-0.00021269132	-0.00084314484	0.0029934766	0.0036833526	-0.0017699635	6.676609e-05	-0.00061363913	0.0026353137	0.0022480048	0.0024803418	0.0024491295	-0.00043319375	0.002813089	0.00034274947	-0.0016787695	0.0027496568	-0.004866016	0.00020015363	0.0045813625	0.0024968432	-0.001122487	-0.0024794647	-0.0030628757	0.0041508432	0.0041309022	0.002655487	0.002016784	0.0021920728	-0.0011160552	-0.002586621	-0.0033713232	-0.0022979344	-0.00046382184	0.0026477096	-0.004604854	-0.0047807866	0.0040181708	-0.00015563302	-0.0045216116	-0.0029230472	0.0009083587	0.0012314218	-0.0030285935	-0.0031256485	-0.0014286552	0.0007438542	0.0019733838	0.0022644172	0.004644838	0.0031288906	0.0017104992	0.0040431963	0.0012868303	0.0044510504	1.7544035e-05	-0.00083917833	0.0017835057	0.003015071	0.0005911814	0.0041644503	-0.0024988207	0.0017806026	0.00031646749	0.0016307308	0.0035069014	-0.0028732626	-0.004411074	-0.0012737338	0.0048479466	0.000745334	-0.0015565219	0.0025156706	-0.0040576253	0.004341428	-0.00026874366	-0.0020008052	-0.0012404914	-0.0024212187	0.0014654106	-0.0045455215	4.4588334e-05	-0.0011328701	0.0043123364	0.0016034677	0.0027553898	-0.00022004716	-0.00093515567	0.0017050053	-0.0048226053	-0.0012517321	5.1092873e-05	0.0017936026	0.0013704902	0.0045304494	-0.0004089879	0.0031271153	0.0018258849	0.00058826036	-0.0021296155	-0.004481149
0.0046227137	0.0018409209	-0.0039140484	0.0023094972	-0.0045597516	-7.426749e-05	-0.00037417226	-0.0022420862	-0.000645313	-0.004506948	-0.0019860987	-0.001126934	-0.0006285842	-0.002858099	0.002894578	0.00011130844	-0.0012126566	-0.0026572929	-0.0020701247	0.0048880638	0.0016510603	-0.003621835	0.001863055	-0.0044102287	-0.004261296	-0.0017747141	-0.0039857784	-0.0009085018	-0.0029116354	0.0042229225	-0.0017796333	0.004770775	0.0038116863	0.00079601153	-0.0031762877	-0.0020509881	0.0038277763	0.0005675726	-0.0047568935	0.0027712355	-0.0048844945	-0.0018117144	-0.0028912763	-0.002783161	0.001088319	-0.0034044555	0.001427373	0.003675127	-0.004308454	-0.003198977	0.0019184777	0.000107676504	-0.00226801	0.0031064278	0.0024131204	0.003792486	-0.00018425977	-0.0020516915	-0.0027117915	0.0029826083	0.0019188467	-0.0009962729	0.00012825646	-0.004323741	0.004900703	-0.0012229534	-0.003967148	0.00022727344	0.001872083	-0.00036830458	0.0003080938	-0.0031106211	0.0003920535	0.0036804257	-0.0013039217	-0.003772361	-0.0004864987	-0.0010317616	0.0008748039	-0.004976481	0.002154799	-0.0027866163	0.0018573422	-0.0016751908	0.001948627	-0.004765049	0.00019578358	-0.0032226592	0.0034275798	0.0013056613	0.0047213426	0.0031780463	0.0014127416	0.0024044048	0.004337475	0.0015807623	0.0016354147	-0.0043859393	-0.0032766117	-0.004946768
-0.0015341842	-0.0040296935	-0.0025748943	-0.0015961307	-0.0047615394	0.0029185365	0.0044763177	-7.044518e-05	-0.00091944705	0.0005647889	0.001973951	-0.003233098	0.0037775605	-0.0027498312	-0.0035878245	0.0020492645	-0.0037563408	0.0040326887	-0.0015718979	-0.0042713573	-0.0014370758	0.001912333	0.00024311228	0.0043368596	-0.0047526094	0.0043984414	-0.0011174796	-0.0008186816	-0.0018249439	-0.0034289444	-0.00052222447	-7.658159e-05	0.0020364383	-0.0006118074	-0.0045830132	0.000679209	-0.0019404541	-0.0020886774	-0.0003803101	-0.004098392	0.0011853983	-0.0029786706	0.0035310264	0.0024216508	0.0011782579	-0.0039295643	0.0035562946	0.0046274886	0.0017470845	0.0027180878	-0.002104647	-0.003294537	-0.001080179	0.0008831892	0.0049289055	0.0023902003	-0.0023422246	-0.003822342	-0.002535197	-0.004851962	0.0028656211	0.0009963078	0.004979292	0.0013421745	-0.0029955837	0.00493243	-0.0024979422	0.0047914134	0.0002815973	0.0002734658	0.0016446889	0.0016783054	-0.00018113958	-0.00074842875	0.0043639014	-0.003956697	-0.0009355437	-0.0007862138	-0.0037573073	-0.0016052921	-0.0010147206	-0.0015402454	-0.0032352847	-0.0028421925	0.004780521	-0.0015071434	0.0029878842	0.003206437	0.0011683332	0.00091732474	0.00050850003	0.004312964	0.002786989	0.00047352043	-0.00076765695	0.0049607763	-0.00048238214	0.0034744448	0.0018878916	-0.0036203589
-0.0029075204	0.0046335678	-0.0043419176	-0.0034070252	0.00022334469	-0.00042629635	0.0006473998	0.0026944631	-0.0037214595	-0.004242758	-0.0036743607	0.0012084153	-0.004413562	-0.004580045	0.003931113	0.0009350912	-0.0008984289	-0.0026578961	-0.001936377	-0.0045280517	-0.002417757	-0.0035247914	-0.0044671604	0.003196494	-0.004991994	0.0012287553	0.0011286946	-0.0014689155	0.0041671167	-0.0014854486	0.0036956936	-0.00431215	-4.3635595e-05	-0.0026330776	0.003497822	0.00468344	0.0008233222	0.001430628	-0.0018969252	0.0036707807	-0.0032625948	0.00133368	0.0004170668	0.0025584872	-0.002868074	-0.0028340775	-0.0049882247	-0.0046970574	0.0047333557	-0.0019809022	-0.0022469366	-0.0011784745	0.0012757105	-0.0038898354	-0.0035920173	0.0025011294	0.001584741	-0.00025321328	0.0010106718	0.0046874327	0.00461705	-0.0041616857	-0.004554214	-0.0006742408	-0.0036455465	0.0019332852	0.0045026005	0.0047295922	0.0047409823	0.0019167408	0.0028374686	-0.0019786807	6.62715e-05	-0.0027795965	-0.001075456	0.0036155828	0.00391464	0.0012138818	0.0032403367	0.00036407224	-0.004367268	-0.003896938	0.0021683038	-0.0025210879	0.0039511127	-0.0017411163	-0.00094329036	-0.0022821126	0.004935327	-0.0037599916	-0.00029833545	-0.0045465403	0.0038344176	0.0012859899	0.000560993	-0.0026050147	0.0039512785	0.0016642321	-0.001980624	-0.00015079342
0.00074132794	0.00315779	-0.0026343374	-0.004215939	-0.004734716	0.0033079558	-0.00020211154	0.003506992	0.003354263	-0.0031955163	-0.0030060655	0.004242969	0.0005274131	0.0030251248	-0.00048565838	-0.0016123992	-0.004854514	0.0022950599	0.0019296826	0.0019506629	0.00077962666	-0.0038439122	0.0016534335	0.00016113256	0.0028599915	0.0017636514	-0.0045281607	0.003265803	0.0043513216	0.00031637558	0.0012713806	0.003681809	0.0032544304	-0.0031484177	0.0024346241	0.0011674848	0.0045517855	0.0015623665	0.0022759975	-0.0032925734	0.0028212	-0.004230172	0.001816427	-0.0010811919	0.004896274	0.0017080832	-0.003450169	-0.0009959564	0.0022047416	-0.0041946694	0.0033491224	-0.0025929103	-0.0005008681	-0.0030725922	-0.0024905505	-0.0031588145	-0.003530522	0.0026065877	0.0037412494	-0.0018890526	0.0023596077	0.0014301757	-0.0006856149	-0.0013137459	-0.0030622783	0.001599782	-0.00362253	0.002207533	-0.0013095603	-0.0035520976	-0.003917415	-0.002146432	0.0006528772	0.004525484	0.0034976017	-0.0007951194	0.0019829846	0.002409794	0.0027422113	-0.0028019552	0.0025552525	0.0021918404	0.0002657646	0.0024078805	-0.0030337465	0.00083122286	-0.0005697458	0.004241349	-0.00024722537	0.0028313054	-0.001559312	0.002203607	0.004969811	0.002060156	-0.002527409	0.0028788259	0.0006661592	-0.0041156826	0.00065696205	0.004293556
-0.00456998	0.0003028256	0.0027255276	0.0016668472	0.00407284	-0.004777738	0.00110898	0.0008530303	0.0007152659	0.002783832	0.0027332893	0.0027836286	-0.004608051	4.497083e-05	-0.004689097	-0.0040921867	-0.0022564884	0.0031034176	-0.00089298136	-0.002875313	-0.0013369643	0.0037123647	0.00020013482	-0.00069185585	0.0029777498	-0.0034507613	0.0048940005	0.0023969258	-0.0042983587	0.0022058287	-0.004348992	-0.0007173879	0.0018081913	0.0022843538	0.0037861026	0.004502598	-0.0019999342	-0.002084469	-0.0012143744	-0.0022941488	0.00348412	0.001422389	-0.0038276517	-0.0031386667	0.0014797867	-0.0022955644	0.001967442	-0.0019636224	0.0023874326	0.00493877	-0.0004108266	0.0041978746	0.0006033035	-0.0030821247	0.0003621431	0.003192894	0.00028700556	-0.0029771908	0.0024857393	-0.0029549797	-0.0034504149	-0.004992584	-0.0012935604	-0.0039885123	-0.00039475516	0.004987518	-0.0002159291	-0.0028934118	-0.0005914078	0.0016522566	0.0011867908	0.0037161536	0.0037874738	-0.0011432646	-0.0028557554	-0.0030804602	0.00012711358	-0.00018094096	-0.0011861863	-0.0048733335	-0.0005520645	-0.0044096336	-0.004887009	0.0033298044	0.0032911655	0.0015939682	-0.0002903198	-0.004572309	0.001621344	0.00070049736	0.004712173	-0.0036403837	-0.0024403417	-0.0034737843	0.0047713662	0.0006993824	-0.00085418345	0.0038630073	0.0005627564	0.0032616272
0.002429846	-0.00026343553	0.0048375395	0.0029741516	-0.0010621095	-0.0036319285	-0.0034809462	0.0040265117	-0.003256354	0.004888938	-0.0034962338	0.0011030001	0.0014410316	0.0030728013	-0.0030844677	0.004141133	-0.0028013254	0.00074706733	0.00093862973	0.00027404053	-0.002866005	-0.0032638202	-0.0028240199	-0.0016906335	0.0005839578	-0.004349302	-0.004060263	0.0010385294	0.0037325763	0.001723078	0.0033543094	0.0044838716	-0.0009760824	-0.0024996605	0.0048632966	0.0022642938	-0.0011723501	-0.0028760985	0.0037853606	0.0024925477	0.0023953402	0.0019947935	-0.002307895	0.0015219677	0.004397206	0.00247789	-0.0028874772	0.0048008994	-0.001729019	-0.0023357787	0.0045137424	0.0014373817	-0.0031734346	-0.004747131	-0.0029103144	-0.001212669	-0.004361865	0.0021122848	-0.0012789881	-0.0041845306	0.00079052994	-0.00091258646	0.0022946396	-0.0038660786	-0.004063514	-0.0010445877	0.000806493	-0.004189405	0.004638617	0.0016176732	-0.0018251287	0.00025519446	-0.0048285667	0.0008222295	-5.562916e-06	0.0037206048	-0.0049119503	0.0019770018	-0.00082051364	0.0029955993	0.0043226867	-0.003544701	0.002680602	0.004729842	-0.0047864257	0.0029720976	0.00391552	0.0019051958	0.0047482047	0.004083965	-0.002346533	-0.0017872513	0.0030743857	0.0016360816	0.0043946044	-0.0010272062	0.002547807	0.0037446325	-0.0012539403	-0.0005918934
-0.0037372734	-0.0046036397	-0.0014841014	0.0047061383	0.0010856385	-0.00014511836	-0.001161372	-5.497685e-05	-0.0038720863	-0.0011603675	-0.0046379273	-0.00074810005	0.0021897687	-0.0029709667	0.0016632049	0.0044844532	-0.0041822838	-0.002360675	-0.0014985525	-5.9058642e-05	-0.0018028972	-0.00042690604	-0.0010082979	0.0030574293	-0.0012809061	-0.0049136495	-0.0026559962	-0.001503394	-0.002067038	-0.00025143943	-0.0013046764	-0.0006442262	-0.0037902284	-0.0037665705	-0.003455679	0.0042837304	-0.004294732	0.0012221328	-0.0034630985	-0.0023735214	0.0048675705	-0.0017394912	0.0032878593	-0.0025594307	0.0030995747	-0.004609358	0.0021394629	-0.0013178842	-0.0018321727	0.00089505996	-0.002244551	0.004536595	-0.001625109	-0.002376647	-0.002489294	0.0035793504	-0.002708926	0.0012225151	0.0025796667	0.0021652125	0.0016262147	-0.0014086592	0.00077952724	-0.001231883	0.0021919492	0.0010435426	-0.0037637898	-0.002020535	0.00079026836	0.0039683813	0.0019381429	0.0042952485	-0.0018643833	-0.004565684	-0.0013682764	-0.0023442456	-0.0016986341	-0.0027458915	-0.0031493932	0.0015185202	0.003266524	-0.0037651015	-0.00065263064	0.0005370587	0.0043130787	-0.0017037584	-0.00019065313	-0.0035668244	7.4842384e-05	0.00095583836	-0.004399297	6.7084957e-06	-0.0034075384	0.002133862	0.002535568	-0.0006598375	0.0020195048	-0.0029436776	-0.0011782737	-0.0037366548
-0.0009537405	0.0023533902	-0.0018837929	0.0023367833	0.0044568535	0.0003170626	-0.0017996604	0.004695297	-0.0030659824	-0.0034260566	-0.00010555784	-0.0049216226	-0.0005225317	-0.0019690203	0.004977491	-0.004347443	0.0013702122	-0.0025000363	0.0010549077	0.0005592093	0.0018024608	-0.004167108	0.00043365304	0.0027064292	-0.0029284311	-0.004033936	-0.0019488109	0.00017343054	0.00312672	-0.00051913975	-0.0043439222	-0.0025133574	0.004146212	0.0024268115	-0.0044443416	0.0040938575	0.0012526138	0.004115004	-0.00087775337	0.0017822204	-0.0010864217	0.0043473556	0.0011455457	0.0031541695	0.0017754573	-0.004941973	0.0025102675	0.0023808184	-0.004052663	0.0046429266	0.0034596145	-0.0025731854	-0.004694272	0.0025335795	-0.0036234157	0.0034391338	0.0035636495	0.0019616913	-0.0025704827	0.0034960606	-0.0016751314	0.00164091	-0.00046879696	0.0029175016	-0.0035346875	-0.001282182	-0.001064814	-0.004132636	0.0039731306	0.0037103503	-0.0016099325	-0.001319469	-0.0048697917	-0.00067769253	-0.004039671	-0.0040245494	-0.0022987702	0.002494267	0.0041485797	0.004965209	-0.0008655701	-0.002479553	0.004917036	0.00055362354	0.0024070812	-0.004433122	-0.0027989023	-0.002433599	-0.0001749448	-0.0011357731	0.003296048	0.0034993764	0.0023644892	-0.0013660934	-0.00072148576	0.0037915	-0.004021631	-0.00034141223	-0.0019043837	0.0022115044
0.0046637985	-0.0036192685	0.0024118423	0.004088268	-0.0025334705	0.004996133	0.0018324463	0.001891023	0.0025614495	0.000685099	0.0009904421	-0.0032075476	0.003349073	-0.0026093307	0.0042555146	0.0034786486	0.00074279815	0.001294923	-0.0030639293	-0.0028826725	-0.0037615842	-0.0030163196	-0.004868128	0.0036840742	0.0020254515	0.0011285607	-0.004061276	0.0005337039	0.0024202706	-0.0007714358	-0.0028166582	0.004827101	-0.003554739	-0.0045242705	0.0028794883	-1.0185138e-05	-0.002578971	0.003128347	0.00023640187	-0.0033669218	0.002118431	0.0038194514	0.0041010813	-0.0020727117	0.0038218691	0.003873931	0.0021257347	-0.0032451437	-0.00068677403	0.0008698063	-0.00436092	0.0035013037	0.0033590638	0.0029360154	0.001720023	0.0045096115	0.0005896775	-0.0038211783	0.0028387415	-0.004622817	0.0049514845	0.00017818979	-0.0030361773	-0.0032390342	-0.003502717	-0.0015495195	0.004859549	-0.0049939305	0.00059265754	-0.004003045	0.003962207	0.0015926133	-0.0023355333	0.0036075437	0.0011133933	-0.003066559	-0.004882467	0.0040741204	0.0023511618	0.0024134058	0.0037394925	-0.0042292564	-0.00046050418	-0.0031325694	-0.002844342	-0.0011671036	0.00054103317	-0.0048999786	0.00020871933	-0.0021134166	0.0031327843	-0.0024201968	0.00013323827	-0.0015047922	0.004998479	0.0018183194	-0.0006029824	-0.002103668	-0.003972448	0.0019386945
0.0037397589	0.0047954665	-0.004361235	0.0048606433	0.00059680495	-0.004154221	-0.0013883074	-0.004173119	0.0021587817	-0.0035765893	0.0026875779	-0.00079888443	-0.003589675	0.0044166073	-0.0013099379	0.0022155303	-0.003908066	-0.0043964335	-0.0023686988	3.837317e-05	0.0015562868	-0.0008483172	-0.0027257982	-0.003979549	-0.0023005072	-0.0047670263	-0.0020122852	-0.0044290456	0.004628184	0.004509672	-0.0013292315	0.0019293092	0.0021448727	0.0047294493	-0.0009900107	0.0037812581	0.00029663497	-0.0011307615	0.0005629131	-0.00073236687	-0.003566103	-0.003132255	0.0015400632	-0.0026929087	0.004295828	-0.002429696	-0.004840577	0.0042653023	-0.0011049816	-0.001998665	0.003571616	1.0783897e-06	-0.0038181222	-0.0043868246	0.004922304	0.00016415819	0.0048958217	0.0023371892	0.002522714	-0.0023785923	-0.004149745	2.949017e-05	-0.000560343	-0.0009750831	0.0005480816	0.00074715714	0.0023477774	-0.0014391269	0.003965463	0.0035312057	0.0017051179	-0.0025340596	0.0032272332	-0.0013350607	-0.004899376	0.000672327	-0.0045606787	-0.0016277082	0.0013590116	0.0010734779	-0.003909293	-0.0007081245	0.0035139574	0.0015711789	0.00074368366	-0.003800874	0.00264362	-0.0019366248	-0.0012171586	0.003264173	0.0028415828	0.0019928312	-0.0015850394	0.00024218558	0.00096819	0.003616791	-0.0026891972	-0.002739807	-0.003235263	-0.0038453273
-0.00033340172	0.0005178619	-0.0020541062	0.004053082	-0.0010835344	-0.0015773443	0.004164404	-0.001826705	0.0036286847	-0.002073827	0.0016465837	-0.003535746	-0.0035904653	-0.0015854548	-0.004298568	-0.0032230613	0.0013866435	0.0004709029	0.000350408	0.0007411763	0.0020320967	-0.0025266642	-0.00035527837	0.003722715	0.001334061	-0.0011072212	-0.0015307944	0.003201878	0.004300201	0.0036407893	-0.0027442952	0.0023955165	-0.0021995327	0.0004675406	-0.0032205996	-0.0043996577	-0.00047994425	0.0021087131	0.0013002527	0.0037983279	-0.0047256197	0.0021937361	0.002083835	0.004210778	0.0004464742	0.0033587571	0.0012394789	-0.00019558397	0.0004859855	0.0007626754	0.004691514	0.0015770058	-0.0012566664	0.0011520237	0.0001961322	0.00263337	0.0039874814	-0.0014268142	0.0008849685	0.0037239443	0.0044722003	-0.0041795876	-0.00270539	-0.0048355972	-0.0023377354	-0.0012154018	0.004117839	0.0028030912	0.0017102407	0.002797465	0.0047009154	-0.004998601	-0.004945013	0.0032138997	0.0025339797	0.0040740096	-0.0009515399	0.0012750225	0.0012789866	-0.0040388284	0.0032582295	0.004294695	-0.0037057765	0.0037818237	0.0014690424	-0.003823952	0.0022279257	0.003935754	-0.0006524683	8.7169865e-05	0.00021832256	0.0026270095	-0.0013045027	-0.0047552646	-0.004106565	0.0031183246	-0.004193362	0.0015328999	-0.0046833716	0.0015184904
0.000734996	0.0047897757	-0.0014635405	0.0012882833	0.0037960943	-0.0027722581	0.0016219866	-0.004548873	-0.000619456	-0.0021963397	0.0021560744	0.0041463855	0.003620945	-0.0027374004	0.0045748707	0.0044001206	0.002077715	-0.0001929293	0.0034701908	0.0017093424	-0.0023762765	-0.0047533517	-0.0036815873	0.004256557	0.00232894	0.0031461865	0.0031690274	-0.0042353636	-0.0020644786	0.0012259093	-0.0029199107	-0.0035434798	-0.002715398	-0.0014782794	0.0034431336	-0.0003578115	-0.0005563511	-0.0011229889	-0.0049918015	-0.003947458	-0.004561127	0.002524065	-0.0024275733	-0.0021904176	-2.7313754e-05	-2.2959912e-05	-0.0034725016	0.0020193977	0.0007753481	-0.0045862086	0.0040600947	-1.6715228e-05	0.00270087	-0.0031721122	0.004824115	2.613707e-05	-0.0025394852	0.0028148626	-0.0041500116	-0.0031173506	-0.0021015008	-0.004954478	-0.0024511965	-0.0015705295	1.4791511e-05	0.00075058866	-0.0040542195	-0.004546236	0.003297698	-0.0025888854	-0.0048143556	-0.0035370693	0.0013401211	-0.0012761004	0.002767894	-0.0034747035	0.0032715201	-0.0048315385	0.0018848754	-0.0019227802	0.0044048154	-0.0013499536	0.0048818695	-0.0015037046	0.0024759383	-0.00094904343	0.0018277515	-0.0004353746	-0.0036494706	-0.0047530183	-0.0026233105	0.00018479786	0.0011101923	-0.0035214105	-0.0016265521	-0.000119806355	0.00395878	0.0028571843	-0.0013511938	-0.0049348995
-0.003544204	-0.0026273052	0.004868975	-0.004219297	0.004152256	1.4985281e-05	-0.004413236	0.0039889812	-0.0023814624	0.0027388714	-0.0030115535	0.003916521	-0.0017109885	-0.0033929604	0.0043114824	0.0031258583	0.0013275138	-0.0011497203	0.0005156156	0.000436465	-0.004510019	0.00096608617	0.00093966146	-0.0016754314	0.002790035	0.004730199	-0.0024235824	0.0019270763	-0.0008353909	-0.0033871809	0.0024936225	-0.00051122386	-0.0009351071	-0.0042537176	-0.0038130418	0.0014363984	0.003288708	-0.0009109485	-0.0040937285	-0.0008544164	-0.0011774786	0.0029333776	-0.0044134697	-0.0038174116	-0.0032727702	-0.0027232473	-4.4210286e-05	-0.0035914385	0.0011619664	-0.0029712159	0.00089363125	0.0045386623	0.0039266855	6.107501e-05	-0.0039554685	-0.002042773	0.0006657046	0.003853902	-0.0011888227	-0.003791614	0.0017879647	-0.0002561792	0.0016417037	0.004448543	0.0023410078	-0.0046394835	-0.0007753678	-0.0015626026	-0.0026538905	0.00089901965	-0.001167354	-0.0031779718	-0.0044809105	-0.0002146381	-0.0023981533	0.0026375225	-0.0033990561	0.0033138182	0.0007472282	0.0033645027	-0.004699181	0.0029389316	0.0033736054	-0.00017655478	0.0037081486	-0.00067113957	-0.004442461	-0.0027980444	-0.0017062878	0.00034015893	-0.003759073	-0.0027194754	0.004326115	-0.002093614	0.004811656	0.0009984258	-0.0005075837	-0.0038309137	-0.0038992786	0.00063210167
-0.0031752535	-0.00045055812	0.0030691554	-0.00026969484	0.0027023943	-0.004671085	0.0048759524	0.0029643164	0.002887414	0.0019171748	-0.0027387422	0.004519429	-0.0034678085	0.004290506	-0.002618457	0.0013484391	-0.0015844778	0.0017347159	0.0019013925	-0.0005622762	0.0043102074	-0.0036555184	-0.0011041285	-0.0021963504	-0.004389859	-0.0015973371	-0.00086107635	-0.0005555127	-0.0046881116	-5.154934e-05	-0.0010639578	0.0024937422	0.000814645	-0.0019504533	0.0014094957	-0.0007143739	-0.0042053484	0.0015246354	0.0014137067	0.0023500798	-0.0017472431	-0.00023715333	0.0013200423	-0.002502272	-0.004235918	-0.0033110713	-0.0044808127	0.001626023	0.0026128404	-0.0035406058	0.0007092611	0.001919678	-0.0044952445	0.004314782	0.0034156695	0.00411639	0.0035273887	0.001831274	0.002630607	0.00021637914	-0.001345945	0.00046685227	0.0029897077	0.00022523348	0.0009706391	-0.0038393529	0.0016756922	-0.0041444595	-0.0014854001	0.004589589	-0.0016692095	0.0018662437	-0.0010207146	0.0048088282	0.0035846545	0.0018802404	-0.003521036	-0.0005934787	0.0046927794	0.0043726587	0.0021227358	-0.0033860053	-0.0031284096	-0.002549475	-0.0043796413	0.0017698098	0.0010937421	0.004773172	-0.002217561	-0.0049762325	-6.236649e-05	-0.0012804179	-0.004243526	0.0036092093	0.0015993703	0.0036071248	0.0022717952	0.0014679153	0.0038240633	0.0023037337
